run_id,block,trace_level,processor_type,sampler_type,sampler_ratio,n_lo,rep,run_dir
1,block1,0,0,0,0.0,0,1,/home/fabio/Scrivania/OTel-capabilities-for-mixed-criticality-workloads/2-DoE/block1/t0_p0_s0_r0.0_n0/run_01
2,block1,0,0,0,0.0,0,2,/home/fabio/Scrivania/OTel-capabilities-for-mixed-criticality-workloads/2-DoE/block1/t0_p0_s0_r0.0_n0/run_02
3,block1,0,0,0,0.0,0,3,/home/fabio/Scrivania/OTel-capabilities-for-mixed-criticality-workloads/2-DoE/block1/t0_p0_s0_r0.0_n0/run_03
4,block1,0,0,0,0.0,0,4,/home/fabio/Scrivania/OTel-capabilities-for-mixed-criticality-workloads/2-DoE/block1/t0_p0_s0_r0.0_n0/run_04
5,block1,0,0,0,0.0,0,5,/home/fabio/Scrivania/OTel-capabilities-for-mixed-criticality-workloads/2-DoE/block1/t0_p0_s0_r0.0_n0/run_05
6,block1,0,0,0,0.0,0,6,/home/fabio/Scrivania/OTel-capabilities-for-mixed-criticality-workloads/2-DoE/block1/t0_p0_s0_r0.0_n0/run_06
7,block1,0,0,0,0.0,0,7,/home/fabio/Scrivania/OTel-capabilities-for-mixed-criticality-workloads/2-DoE/block1/t0_p0_s0_r0.0_n0/run_07
8,block1,0,0,0,0.0,0,8,/home/fabio/Scrivania/OTel-capabilities-for-mixed-criticality-workloads/2-DoE/block1/t0_p0_s0_r0.0_n0/run_08
9,block1,0,0,0,0.0,0,9,/home/fabio/Scrivania/OTel-capabilities-for-mixed-criticality-workloads/2-DoE/block1/t0_p0_s0_r0.0_n0/run_09
10,block1,0,0,0,0.0,0,10,/home/fabio/Scrivania/OTel-capabilities-for-mixed-criticality-workloads/2-DoE/block1/t0_p0_s0_r0.0_n0/run_10
11,block1,0,0,0,0.0,0,11,/home/fabio/Scrivania/OTel-capabilities-for-mixed-criticality-workloads/2-DoE/block1/t0_p0_s0_r0.0_n0/run_11
12,block1,0,0,0,0.0,0,12,/home/fabio/Scrivania/OTel-capabilities-for-mixed-criticality-workloads/2-DoE/block1/t0_p0_s0_r0.0_n0/run_12
13,block1,0,0,0,0.0,0,13,/home/fabio/Scrivania/OTel-capabilities-for-mixed-criticality-workloads/2-DoE/block1/t0_p0_s0_r0.0_n0/run_13
14,block1,0,0,0,0.0,0,14,/home/fabio/Scrivania/OTel-capabilities-for-mixed-criticality-workloads/2-DoE/block1/t0_p0_s0_r0.0_n0/run_14
15,block1,0,0,0,0.0,0,15,/home/fabio/Scrivania/OTel-capabilities-for-mixed-criticality-workloads/2-DoE/block1/t0_p0_s0_r0.0_n0/run_15
16,block1,0,0,0,0.0,0,16,/home/fabio/Scrivania/OTel-capabilities-for-mixed-criticality-workloads/2-DoE/block1/t0_p0_s0_r0.0_n0/run_16
17,block1,0,0,0,0.0,0,17,/home/fabio/Scrivania/OTel-capabilities-for-mixed-criticality-workloads/2-DoE/block1/t0_p0_s0_r0.0_n0/run_17
18,block1,0,0,0,0.0,0,18,/home/fabio/Scrivania/OTel-capabilities-for-mixed-criticality-workloads/2-DoE/block1/t0_p0_s0_r0.0_n0/run_18
19,block1,0,0,0,0.0,0,19,/home/fabio/Scrivania/OTel-capabilities-for-mixed-criticality-workloads/2-DoE/block1/t0_p0_s0_r0.0_n0/run_19
20,block1,0,0,0,0.0,0,20,/home/fabio/Scrivania/OTel-capabilities-for-mixed-criticality-workloads/2-DoE/block1/t0_p0_s0_r0.0_n0/run_20
21,block1,1,0,0,0.0,0,1,/home/fabio/Scrivania/OTel-capabilities-for-mixed-criticality-workloads/2-DoE/block1/t1_p0_s0_r0.0_n0/run_01
22,block1,1,0,0,0.0,0,2,/home/fabio/Scrivania/OTel-capabilities-for-mixed-criticality-workloads/2-DoE/block1/t1_p0_s0_r0.0_n0/run_02
23,block1,1,0,0,0.0,0,3,/home/fabio/Scrivania/OTel-capabilities-for-mixed-criticality-workloads/2-DoE/block1/t1_p0_s0_r0.0_n0/run_03
24,block1,1,0,0,0.0,0,4,/home/fabio/Scrivania/OTel-capabilities-for-mixed-criticality-workloads/2-DoE/block1/t1_p0_s0_r0.0_n0/run_04
25,block1,1,0,0,0.0,0,5,/home/fabio/Scrivania/OTel-capabilities-for-mixed-criticality-workloads/2-DoE/block1/t1_p0_s0_r0.0_n0/run_05
26,block1,1,0,0,0.0,0,6,/home/fabio/Scrivania/OTel-capabilities-for-mixed-criticality-workloads/2-DoE/block1/t1_p0_s0_r0.0_n0/run_06
27,block1,1,0,0,0.0,0,7,/home/fabio/Scrivania/OTel-capabilities-for-mixed-criticality-workloads/2-DoE/block1/t1_p0_s0_r0.0_n0/run_07
28,block1,1,0,0,0.0,0,8,/home/fabio/Scrivania/OTel-capabilities-for-mixed-criticality-workloads/2-DoE/block1/t1_p0_s0_r0.0_n0/run_08
29,block1,1,0,0,0.0,0,9,/home/fabio/Scrivania/OTel-capabilities-for-mixed-criticality-workloads/2-DoE/block1/t1_p0_s0_r0.0_n0/run_09
30,block1,1,0,0,0.0,0,10,/home/fabio/Scrivania/OTel-capabilities-for-mixed-criticality-workloads/2-DoE/block1/t1_p0_s0_r0.0_n0/run_10
31,block1,1,0,0,0.0,0,11,/home/fabio/Scrivania/OTel-capabilities-for-mixed-criticality-workloads/2-DoE/block1/t1_p0_s0_r0.0_n0/run_11
32,block1,1,0,0,0.0,0,12,/home/fabio/Scrivania/OTel-capabilities-for-mixed-criticality-workloads/2-DoE/block1/t1_p0_s0_r0.0_n0/run_12
33,block1,1,0,0,0.0,0,13,/home/fabio/Scrivania/OTel-capabilities-for-mixed-criticality-workloads/2-DoE/block1/t1_p0_s0_r0.0_n0/run_13
34,block1,1,0,0,0.0,0,14,/home/fabio/Scrivania/OTel-capabilities-for-mixed-criticality-workloads/2-DoE/block1/t1_p0_s0_r0.0_n0/run_14
35,block1,1,0,0,0.0,0,15,/home/fabio/Scrivania/OTel-capabilities-for-mixed-criticality-workloads/2-DoE/block1/t1_p0_s0_r0.0_n0/run_15
36,block1,1,0,0,0.0,0,16,/home/fabio/Scrivania/OTel-capabilities-for-mixed-criticality-workloads/2-DoE/block1/t1_p0_s0_r0.0_n0/run_16
37,block1,1,0,0,0.0,0,17,/home/fabio/Scrivania/OTel-capabilities-for-mixed-criticality-workloads/2-DoE/block1/t1_p0_s0_r0.0_n0/run_17
38,block1,1,0,0,0.0,0,18,/home/fabio/Scrivania/OTel-capabilities-for-mixed-criticality-workloads/2-DoE/block1/t1_p0_s0_r0.0_n0/run_18
39,block1,1,0,0,0.0,0,19,/home/fabio/Scrivania/OTel-capabilities-for-mixed-criticality-workloads/2-DoE/block1/t1_p0_s0_r0.0_n0/run_19
40,block1,1,0,0,0.0,0,20,/home/fabio/Scrivania/OTel-capabilities-for-mixed-criticality-workloads/2-DoE/block1/t1_p0_s0_r0.0_n0/run_20
41,block1,2,0,0,0.0,0,1,/home/fabio/Scrivania/OTel-capabilities-for-mixed-criticality-workloads/2-DoE/block1/t2_p0_s0_r0.0_n0/run_01
42,block1,2,0,0,0.0,0,2,/home/fabio/Scrivania/OTel-capabilities-for-mixed-criticality-workloads/2-DoE/block1/t2_p0_s0_r0.0_n0/run_02
43,block1,2,0,0,0.0,0,3,/home/fabio/Scrivania/OTel-capabilities-for-mixed-criticality-workloads/2-DoE/block1/t2_p0_s0_r0.0_n0/run_03
44,block1,2,0,0,0.0,0,4,/home/fabio/Scrivania/OTel-capabilities-for-mixed-criticality-workloads/2-DoE/block1/t2_p0_s0_r0.0_n0/run_04
45,block1,2,0,0,0.0,0,5,/home/fabio/Scrivania/OTel-capabilities-for-mixed-criticality-workloads/2-DoE/block1/t2_p0_s0_r0.0_n0/run_05
46,block1,2,0,0,0.0,0,6,/home/fabio/Scrivania/OTel-capabilities-for-mixed-criticality-workloads/2-DoE/block1/t2_p0_s0_r0.0_n0/run_06
47,block1,2,0,0,0.0,0,7,/home/fabio/Scrivania/OTel-capabilities-for-mixed-criticality-workloads/2-DoE/block1/t2_p0_s0_r0.0_n0/run_07
48,block1,2,0,0,0.0,0,8,/home/fabio/Scrivania/OTel-capabilities-for-mixed-criticality-workloads/2-DoE/block1/t2_p0_s0_r0.0_n0/run_08
49,block1,2,0,0,0.0,0,9,/home/fabio/Scrivania/OTel-capabilities-for-mixed-criticality-workloads/2-DoE/block1/t2_p0_s0_r0.0_n0/run_09
50,block1,2,0,0,0.0,0,10,/home/fabio/Scrivania/OTel-capabilities-for-mixed-criticality-workloads/2-DoE/block1/t2_p0_s0_r0.0_n0/run_10
51,block1,2,0,0,0.0,0,11,/home/fabio/Scrivania/OTel-capabilities-for-mixed-criticality-workloads/2-DoE/block1/t2_p0_s0_r0.0_n0/run_11
52,block1,2,0,0,0.0,0,12,/home/fabio/Scrivania/OTel-capabilities-for-mixed-criticality-workloads/2-DoE/block1/t2_p0_s0_r0.0_n0/run_12
53,block1,2,0,0,0.0,0,13,/home/fabio/Scrivania/OTel-capabilities-for-mixed-criticality-workloads/2-DoE/block1/t2_p0_s0_r0.0_n0/run_13
54,block1,2,0,0,0.0,0,14,/home/fabio/Scrivania/OTel-capabilities-for-mixed-criticality-workloads/2-DoE/block1/t2_p0_s0_r0.0_n0/run_14
55,block1,2,0,0,0.0,0,15,/home/fabio/Scrivania/OTel-capabilities-for-mixed-criticality-workloads/2-DoE/block1/t2_p0_s0_r0.0_n0/run_15
56,block1,2,0,0,0.0,0,16,/home/fabio/Scrivania/OTel-capabilities-for-mixed-criticality-workloads/2-DoE/block1/t2_p0_s0_r0.0_n0/run_16
57,block1,2,0,0,0.0,0,17,/home/fabio/Scrivania/OTel-capabilities-for-mixed-criticality-workloads/2-DoE/block1/t2_p0_s0_r0.0_n0/run_17
58,block1,2,0,0,0.0,0,18,/home/fabio/Scrivania/OTel-capabilities-for-mixed-criticality-workloads/2-DoE/block1/t2_p0_s0_r0.0_n0/run_18
59,block1,2,0,0,0.0,0,19,/home/fabio/Scrivania/OTel-capabilities-for-mixed-criticality-workloads/2-DoE/block1/t2_p0_s0_r0.0_n0/run_19
60,block1,2,0,0,0.0,0,20,/home/fabio/Scrivania/OTel-capabilities-for-mixed-criticality-workloads/2-DoE/block1/t2_p0_s0_r0.0_n0/run_20
61,block1,3,0,0,0.0,0,1,/home/fabio/Scrivania/OTel-capabilities-for-mixed-criticality-workloads/2-DoE/block1/t3_p0_s0_r0.0_n0/run_01
62,block1,3,0,0,0.0,0,2,/home/fabio/Scrivania/OTel-capabilities-for-mixed-criticality-workloads/2-DoE/block1/t3_p0_s0_r0.0_n0/run_02
63,block1,3,0,0,0.0,0,3,/home/fabio/Scrivania/OTel-capabilities-for-mixed-criticality-workloads/2-DoE/block1/t3_p0_s0_r0.0_n0/run_03
64,block1,3,0,0,0.0,0,4,/home/fabio/Scrivania/OTel-capabilities-for-mixed-criticality-workloads/2-DoE/block1/t3_p0_s0_r0.0_n0/run_04
65,block1,3,0,0,0.0,0,5,/home/fabio/Scrivania/OTel-capabilities-for-mixed-criticality-workloads/2-DoE/block1/t3_p0_s0_r0.0_n0/run_05
66,block1,3,0,0,0.0,0,6,/home/fabio/Scrivania/OTel-capabilities-for-mixed-criticality-workloads/2-DoE/block1/t3_p0_s0_r0.0_n0/run_06
67,block1,3,0,0,0.0,0,7,/home/fabio/Scrivania/OTel-capabilities-for-mixed-criticality-workloads/2-DoE/block1/t3_p0_s0_r0.0_n0/run_07
68,block1,3,0,0,0.0,0,8,/home/fabio/Scrivania/OTel-capabilities-for-mixed-criticality-workloads/2-DoE/block1/t3_p0_s0_r0.0_n0/run_08
69,block1,3,0,0,0.0,0,9,/home/fabio/Scrivania/OTel-capabilities-for-mixed-criticality-workloads/2-DoE/block1/t3_p0_s0_r0.0_n0/run_09
70,block1,3,0,0,0.0,0,10,/home/fabio/Scrivania/OTel-capabilities-for-mixed-criticality-workloads/2-DoE/block1/t3_p0_s0_r0.0_n0/run_10
71,block1,3,0,0,0.0,0,11,/home/fabio/Scrivania/OTel-capabilities-for-mixed-criticality-workloads/2-DoE/block1/t3_p0_s0_r0.0_n0/run_11
72,block1,3,0,0,0.0,0,12,/home/fabio/Scrivania/OTel-capabilities-for-mixed-criticality-workloads/2-DoE/block1/t3_p0_s0_r0.0_n0/run_12
73,block1,3,0,0,0.0,0,13,/home/fabio/Scrivania/OTel-capabilities-for-mixed-criticality-workloads/2-DoE/block1/t3_p0_s0_r0.0_n0/run_13
74,block1,3,0,0,0.0,0,14,/home/fabio/Scrivania/OTel-capabilities-for-mixed-criticality-workloads/2-DoE/block1/t3_p0_s0_r0.0_n0/run_14
75,block1,3,0,0,0.0,0,15,/home/fabio/Scrivania/OTel-capabilities-for-mixed-criticality-workloads/2-DoE/block1/t3_p0_s0_r0.0_n0/run_15
76,block1,3,0,0,0.0,0,16,/home/fabio/Scrivania/OTel-capabilities-for-mixed-criticality-workloads/2-DoE/block1/t3_p0_s0_r0.0_n0/run_16
77,block1,3,0,0,0.0,0,17,/home/fabio/Scrivania/OTel-capabilities-for-mixed-criticality-workloads/2-DoE/block1/t3_p0_s0_r0.0_n0/run_17
78,block1,3,0,0,0.0,0,18,/home/fabio/Scrivania/OTel-capabilities-for-mixed-criticality-workloads/2-DoE/block1/t3_p0_s0_r0.0_n0/run_18
79,block1,3,0,0,0.0,0,19,/home/fabio/Scrivania/OTel-capabilities-for-mixed-criticality-workloads/2-DoE/block1/t3_p0_s0_r0.0_n0/run_19
80,block1,3,0,0,0.0,0,20,/home/fabio/Scrivania/OTel-capabilities-for-mixed-criticality-workloads/2-DoE/block1/t3_p0_s0_r0.0_n0/run_20
81,block2,2,0,2,0.0,4,1,/home/fabio/Scrivania/OTel-capabilities-for-mixed-criticality-workloads/2-DoE/block2/t2_p0_s2_r0.0_n4/run_01
82,block2,2,0,2,0.0,4,2,/home/fabio/Scrivania/OTel-capabilities-for-mixed-criticality-workloads/2-DoE/block2/t2_p0_s2_r0.0_n4/run_02
83,block2,2,0,2,0.0,4,3,/home/fabio/Scrivania/OTel-capabilities-for-mixed-criticality-workloads/2-DoE/block2/t2_p0_s2_r0.0_n4/run_03
84,block2,2,0,2,0.0,4,4,/home/fabio/Scrivania/OTel-capabilities-for-mixed-criticality-workloads/2-DoE/block2/t2_p0_s2_r0.0_n4/run_04
85,block2,2,0,2,0.0,4,5,/home/fabio/Scrivania/OTel-capabilities-for-mixed-criticality-workloads/2-DoE/block2/t2_p0_s2_r0.0_n4/run_05
86,block2,2,0,2,0.0,4,6,/home/fabio/Scrivania/OTel-capabilities-for-mixed-criticality-workloads/2-DoE/block2/t2_p0_s2_r0.0_n4/run_06
87,block2,2,0,2,0.0,4,7,/home/fabio/Scrivania/OTel-capabilities-for-mixed-criticality-workloads/2-DoE/block2/t2_p0_s2_r0.0_n4/run_07
88,block2,2,0,2,0.0,4,8,/home/fabio/Scrivania/OTel-capabilities-for-mixed-criticality-workloads/2-DoE/block2/t2_p0_s2_r0.0_n4/run_08
89,block2,2,0,2,0.0,4,9,/home/fabio/Scrivania/OTel-capabilities-for-mixed-criticality-workloads/2-DoE/block2/t2_p0_s2_r0.0_n4/run_09
90,block2,2,0,2,0.0,4,10,/home/fabio/Scrivania/OTel-capabilities-for-mixed-criticality-workloads/2-DoE/block2/t2_p0_s2_r0.0_n4/run_10
91,block2,2,0,2,0.0,4,11,/home/fabio/Scrivania/OTel-capabilities-for-mixed-criticality-workloads/2-DoE/block2/t2_p0_s2_r0.0_n4/run_11
92,block2,2,0,2,0.0,4,12,/home/fabio/Scrivania/OTel-capabilities-for-mixed-criticality-workloads/2-DoE/block2/t2_p0_s2_r0.0_n4/run_12
93,block2,2,0,2,0.0,4,13,/home/fabio/Scrivania/OTel-capabilities-for-mixed-criticality-workloads/2-DoE/block2/t2_p0_s2_r0.0_n4/run_13
94,block2,2,0,2,0.0,4,14,/home/fabio/Scrivania/OTel-capabilities-for-mixed-criticality-workloads/2-DoE/block2/t2_p0_s2_r0.0_n4/run_14
95,block2,2,0,2,0.0,4,15,/home/fabio/Scrivania/OTel-capabilities-for-mixed-criticality-workloads/2-DoE/block2/t2_p0_s2_r0.0_n4/run_15
96,block2,2,0,2,0.0,4,16,/home/fabio/Scrivania/OTel-capabilities-for-mixed-criticality-workloads/2-DoE/block2/t2_p0_s2_r0.0_n4/run_16
97,block2,2,0,2,0.0,4,17,/home/fabio/Scrivania/OTel-capabilities-for-mixed-criticality-workloads/2-DoE/block2/t2_p0_s2_r0.0_n4/run_17
98,block2,2,0,2,0.0,4,18,/home/fabio/Scrivania/OTel-capabilities-for-mixed-criticality-workloads/2-DoE/block2/t2_p0_s2_r0.0_n4/run_18
99,block2,2,0,2,0.0,4,19,/home/fabio/Scrivania/OTel-capabilities-for-mixed-criticality-workloads/2-DoE/block2/t2_p0_s2_r0.0_n4/run_19
100,block2,2,0,2,0.0,4,20,/home/fabio/Scrivania/OTel-capabilities-for-mixed-criticality-workloads/2-DoE/block2/t2_p0_s2_r0.0_n4/run_20
101,block2,2,0,2,0.0,4,21,/home/fabio/Scrivania/OTel-capabilities-for-mixed-criticality-workloads/2-DoE/block2/t2_p0_s2_r0.0_n4/run_21
102,block2,2,0,2,0.0,4,22,/home/fabio/Scrivania/OTel-capabilities-for-mixed-criticality-workloads/2-DoE/block2/t2_p0_s2_r0.0_n4/run_22
103,block2,2,0,2,0.0,4,23,/home/fabio/Scrivania/OTel-capabilities-for-mixed-criticality-workloads/2-DoE/block2/t2_p0_s2_r0.0_n4/run_23
104,block2,2,0,2,0.0,4,24,/home/fabio/Scrivania/OTel-capabilities-for-mixed-criticality-workloads/2-DoE/block2/t2_p0_s2_r0.0_n4/run_24
105,block2,2,0,2,0.0,4,25,/home/fabio/Scrivania/OTel-capabilities-for-mixed-criticality-workloads/2-DoE/block2/t2_p0_s2_r0.0_n4/run_25
106,block2,2,0,0,0.0,4,1,/home/fabio/Scrivania/OTel-capabilities-for-mixed-criticality-workloads/2-DoE/block2/t2_p0_s0_r0.0_n4/run_01
107,block2,2,0,0,0.0,4,2,/home/fabio/Scrivania/OTel-capabilities-for-mixed-criticality-workloads/2-DoE/block2/t2_p0_s0_r0.0_n4/run_02
108,block2,2,0,0,0.0,4,3,/home/fabio/Scrivania/OTel-capabilities-for-mixed-criticality-workloads/2-DoE/block2/t2_p0_s0_r0.0_n4/run_03
109,block2,2,0,0,0.0,4,4,/home/fabio/Scrivania/OTel-capabilities-for-mixed-criticality-workloads/2-DoE/block2/t2_p0_s0_r0.0_n4/run_04
110,block2,2,0,0,0.0,4,5,/home/fabio/Scrivania/OTel-capabilities-for-mixed-criticality-workloads/2-DoE/block2/t2_p0_s0_r0.0_n4/run_05
111,block2,2,0,0,0.0,4,6,/home/fabio/Scrivania/OTel-capabilities-for-mixed-criticality-workloads/2-DoE/block2/t2_p0_s0_r0.0_n4/run_06
112,block2,2,0,0,0.0,4,7,/home/fabio/Scrivania/OTel-capabilities-for-mixed-criticality-workloads/2-DoE/block2/t2_p0_s0_r0.0_n4/run_07
113,block2,2,0,0,0.0,4,8,/home/fabio/Scrivania/OTel-capabilities-for-mixed-criticality-workloads/2-DoE/block2/t2_p0_s0_r0.0_n4/run_08
114,block2,2,0,0,0.0,4,9,/home/fabio/Scrivania/OTel-capabilities-for-mixed-criticality-workloads/2-DoE/block2/t2_p0_s0_r0.0_n4/run_09
115,block2,2,0,0,0.0,4,10,/home/fabio/Scrivania/OTel-capabilities-for-mixed-criticality-workloads/2-DoE/block2/t2_p0_s0_r0.0_n4/run_10
116,block2,2,0,0,0.0,4,11,/home/fabio/Scrivania/OTel-capabilities-for-mixed-criticality-workloads/2-DoE/block2/t2_p0_s0_r0.0_n4/run_11
117,block2,2,0,0,0.0,4,12,/home/fabio/Scrivania/OTel-capabilities-for-mixed-criticality-workloads/2-DoE/block2/t2_p0_s0_r0.0_n4/run_12
118,block2,2,0,0,0.0,4,13,/home/fabio/Scrivania/OTel-capabilities-for-mixed-criticality-workloads/2-DoE/block2/t2_p0_s0_r0.0_n4/run_13
119,block2,2,0,0,0.0,4,14,/home/fabio/Scrivania/OTel-capabilities-for-mixed-criticality-workloads/2-DoE/block2/t2_p0_s0_r0.0_n4/run_14
120,block2,2,0,0,0.0,4,15,/home/fabio/Scrivania/OTel-capabilities-for-mixed-criticality-workloads/2-DoE/block2/t2_p0_s0_r0.0_n4/run_15
121,block2,2,0,0,0.0,4,16,/home/fabio/Scrivania/OTel-capabilities-for-mixed-criticality-workloads/2-DoE/block2/t2_p0_s0_r0.0_n4/run_16
122,block2,2,0,0,0.0,4,17,/home/fabio/Scrivania/OTel-capabilities-for-mixed-criticality-workloads/2-DoE/block2/t2_p0_s0_r0.0_n4/run_17
123,block2,2,0,0,0.0,4,18,/home/fabio/Scrivania/OTel-capabilities-for-mixed-criticality-workloads/2-DoE/block2/t2_p0_s0_r0.0_n4/run_18
124,block2,2,0,0,0.0,4,19,/home/fabio/Scrivania/OTel-capabilities-for-mixed-criticality-workloads/2-DoE/block2/t2_p0_s0_r0.0_n4/run_19
125,block2,2,0,0,0.0,4,20,/home/fabio/Scrivania/OTel-capabilities-for-mixed-criticality-workloads/2-DoE/block2/t2_p0_s0_r0.0_n4/run_20
126,block2,2,0,0,0.0,4,21,/home/fabio/Scrivania/OTel-capabilities-for-mixed-criticality-workloads/2-DoE/block2/t2_p0_s0_r0.0_n4/run_21
127,block2,2,0,0,0.0,4,22,/home/fabio/Scrivania/OTel-capabilities-for-mixed-criticality-workloads/2-DoE/block2/t2_p0_s0_r0.0_n4/run_22
128,block2,2,0,0,0.0,4,23,/home/fabio/Scrivania/OTel-capabilities-for-mixed-criticality-workloads/2-DoE/block2/t2_p0_s0_r0.0_n4/run_23
129,block2,2,0,0,0.0,4,24,/home/fabio/Scrivania/OTel-capabilities-for-mixed-criticality-workloads/2-DoE/block2/t2_p0_s0_r0.0_n4/run_24
130,block2,2,0,0,0.0,4,25,/home/fabio/Scrivania/OTel-capabilities-for-mixed-criticality-workloads/2-DoE/block2/t2_p0_s0_r0.0_n4/run_25
131,block2,2,0,1,0.1,4,1,/home/fabio/Scrivania/OTel-capabilities-for-mixed-criticality-workloads/2-DoE/block2/t2_p0_s1_r0.1_n4/run_01
132,block2,2,0,1,0.1,4,2,/home/fabio/Scrivania/OTel-capabilities-for-mixed-criticality-workloads/2-DoE/block2/t2_p0_s1_r0.1_n4/run_02
133,block2,2,0,1,0.1,4,3,/home/fabio/Scrivania/OTel-capabilities-for-mixed-criticality-workloads/2-DoE/block2/t2_p0_s1_r0.1_n4/run_03
134,block2,2,0,1,0.1,4,4,/home/fabio/Scrivania/OTel-capabilities-for-mixed-criticality-workloads/2-DoE/block2/t2_p0_s1_r0.1_n4/run_04
135,block2,2,0,1,0.1,4,5,/home/fabio/Scrivania/OTel-capabilities-for-mixed-criticality-workloads/2-DoE/block2/t2_p0_s1_r0.1_n4/run_05
136,block2,2,0,1,0.1,4,6,/home/fabio/Scrivania/OTel-capabilities-for-mixed-criticality-workloads/2-DoE/block2/t2_p0_s1_r0.1_n4/run_06
137,block2,2,0,1,0.1,4,7,/home/fabio/Scrivania/OTel-capabilities-for-mixed-criticality-workloads/2-DoE/block2/t2_p0_s1_r0.1_n4/run_07
138,block2,2,0,1,0.1,4,8,/home/fabio/Scrivania/OTel-capabilities-for-mixed-criticality-workloads/2-DoE/block2/t2_p0_s1_r0.1_n4/run_08
139,block2,2,0,1,0.1,4,9,/home/fabio/Scrivania/OTel-capabilities-for-mixed-criticality-workloads/2-DoE/block2/t2_p0_s1_r0.1_n4/run_09
140,block2,2,0,1,0.1,4,10,/home/fabio/Scrivania/OTel-capabilities-for-mixed-criticality-workloads/2-DoE/block2/t2_p0_s1_r0.1_n4/run_10
141,block2,2,0,1,0.1,4,11,/home/fabio/Scrivania/OTel-capabilities-for-mixed-criticality-workloads/2-DoE/block2/t2_p0_s1_r0.1_n4/run_11
142,block2,2,0,1,0.1,4,12,/home/fabio/Scrivania/OTel-capabilities-for-mixed-criticality-workloads/2-DoE/block2/t2_p0_s1_r0.1_n4/run_12
143,block2,2,0,1,0.1,4,13,/home/fabio/Scrivania/OTel-capabilities-for-mixed-criticality-workloads/2-DoE/block2/t2_p0_s1_r0.1_n4/run_13
144,block2,2,0,1,0.1,4,14,/home/fabio/Scrivania/OTel-capabilities-for-mixed-criticality-workloads/2-DoE/block2/t2_p0_s1_r0.1_n4/run_14
145,block2,2,0,1,0.1,4,15,/home/fabio/Scrivania/OTel-capabilities-for-mixed-criticality-workloads/2-DoE/block2/t2_p0_s1_r0.1_n4/run_15
146,block2,2,0,1,0.1,4,16,/home/fabio/Scrivania/OTel-capabilities-for-mixed-criticality-workloads/2-DoE/block2/t2_p0_s1_r0.1_n4/run_16
147,block2,2,0,1,0.1,4,17,/home/fabio/Scrivania/OTel-capabilities-for-mixed-criticality-workloads/2-DoE/block2/t2_p0_s1_r0.1_n4/run_17
148,block2,2,0,1,0.1,4,18,/home/fabio/Scrivania/OTel-capabilities-for-mixed-criticality-workloads/2-DoE/block2/t2_p0_s1_r0.1_n4/run_18
149,block2,2,0,1,0.1,4,19,/home/fabio/Scrivania/OTel-capabilities-for-mixed-criticality-workloads/2-DoE/block2/t2_p0_s1_r0.1_n4/run_19
150,block2,2,0,1,0.1,4,20,/home/fabio/Scrivania/OTel-capabilities-for-mixed-criticality-workloads/2-DoE/block2/t2_p0_s1_r0.1_n4/run_20
151,block2,2,0,1,0.1,4,21,/home/fabio/Scrivania/OTel-capabilities-for-mixed-criticality-workloads/2-DoE/block2/t2_p0_s1_r0.1_n4/run_21
152,block2,2,0,1,0.1,4,22,/home/fabio/Scrivania/OTel-capabilities-for-mixed-criticality-workloads/2-DoE/block2/t2_p0_s1_r0.1_n4/run_22
153,block2,2,0,1,0.1,4,23,/home/fabio/Scrivania/OTel-capabilities-for-mixed-criticality-workloads/2-DoE/block2/t2_p0_s1_r0.1_n4/run_23
154,block2,2,0,1,0.1,4,24,/home/fabio/Scrivania/OTel-capabilities-for-mixed-criticality-workloads/2-DoE/block2/t2_p0_s1_r0.1_n4/run_24
155,block2,2,0,1,0.1,4,25,/home/fabio/Scrivania/OTel-capabilities-for-mixed-criticality-workloads/2-DoE/block2/t2_p0_s1_r0.1_n4/run_25
156,block2,2,0,1,0.3,4,1,/home/fabio/Scrivania/OTel-capabilities-for-mixed-criticality-workloads/2-DoE/block2/t2_p0_s1_r0.3_n4/run_01
157,block2,2,0,1,0.3,4,2,/home/fabio/Scrivania/OTel-capabilities-for-mixed-criticality-workloads/2-DoE/block2/t2_p0_s1_r0.3_n4/run_02
158,block2,2,0,1,0.3,4,3,/home/fabio/Scrivania/OTel-capabilities-for-mixed-criticality-workloads/2-DoE/block2/t2_p0_s1_r0.3_n4/run_03
159,block2,2,0,1,0.3,4,4,/home/fabio/Scrivania/OTel-capabilities-for-mixed-criticality-workloads/2-DoE/block2/t2_p0_s1_r0.3_n4/run_04
160,block2,2,0,1,0.3,4,5,/home/fabio/Scrivania/OTel-capabilities-for-mixed-criticality-workloads/2-DoE/block2/t2_p0_s1_r0.3_n4/run_05
161,block2,2,0,1,0.3,4,6,/home/fabio/Scrivania/OTel-capabilities-for-mixed-criticality-workloads/2-DoE/block2/t2_p0_s1_r0.3_n4/run_06
162,block2,2,0,1,0.3,4,7,/home/fabio/Scrivania/OTel-capabilities-for-mixed-criticality-workloads/2-DoE/block2/t2_p0_s1_r0.3_n4/run_07
163,block2,2,0,1,0.3,4,8,/home/fabio/Scrivania/OTel-capabilities-for-mixed-criticality-workloads/2-DoE/block2/t2_p0_s1_r0.3_n4/run_08
164,block2,2,0,1,0.3,4,9,/home/fabio/Scrivania/OTel-capabilities-for-mixed-criticality-workloads/2-DoE/block2/t2_p0_s1_r0.3_n4/run_09
165,block2,2,0,1,0.3,4,10,/home/fabio/Scrivania/OTel-capabilities-for-mixed-criticality-workloads/2-DoE/block2/t2_p0_s1_r0.3_n4/run_10
166,block2,2,0,1,0.3,4,11,/home/fabio/Scrivania/OTel-capabilities-for-mixed-criticality-workloads/2-DoE/block2/t2_p0_s1_r0.3_n4/run_11
167,block2,2,0,1,0.3,4,12,/home/fabio/Scrivania/OTel-capabilities-for-mixed-criticality-workloads/2-DoE/block2/t2_p0_s1_r0.3_n4/run_12
168,block2,2,0,1,0.3,4,13,/home/fabio/Scrivania/OTel-capabilities-for-mixed-criticality-workloads/2-DoE/block2/t2_p0_s1_r0.3_n4/run_13
169,block2,2,0,1,0.3,4,14,/home/fabio/Scrivania/OTel-capabilities-for-mixed-criticality-workloads/2-DoE/block2/t2_p0_s1_r0.3_n4/run_14
170,block2,2,0,1,0.3,4,15,/home/fabio/Scrivania/OTel-capabilities-for-mixed-criticality-workloads/2-DoE/block2/t2_p0_s1_r0.3_n4/run_15
171,block2,2,0,1,0.3,4,16,/home/fabio/Scrivania/OTel-capabilities-for-mixed-criticality-workloads/2-DoE/block2/t2_p0_s1_r0.3_n4/run_16
172,block2,2,0,1,0.3,4,17,/home/fabio/Scrivania/OTel-capabilities-for-mixed-criticality-workloads/2-DoE/block2/t2_p0_s1_r0.3_n4/run_17
173,block2,2,0,1,0.3,4,18,/home/fabio/Scrivania/OTel-capabilities-for-mixed-criticality-workloads/2-DoE/block2/t2_p0_s1_r0.3_n4/run_18
174,block2,2,0,1,0.3,4,19,/home/fabio/Scrivania/OTel-capabilities-for-mixed-criticality-workloads/2-DoE/block2/t2_p0_s1_r0.3_n4/run_19
175,block2,2,0,1,0.3,4,20,/home/fabio/Scrivania/OTel-capabilities-for-mixed-criticality-workloads/2-DoE/block2/t2_p0_s1_r0.3_n4/run_20
176,block2,2,0,1,0.3,4,21,/home/fabio/Scrivania/OTel-capabilities-for-mixed-criticality-workloads/2-DoE/block2/t2_p0_s1_r0.3_n4/run_21
177,block2,2,0,1,0.3,4,22,/home/fabio/Scrivania/OTel-capabilities-for-mixed-criticality-workloads/2-DoE/block2/t2_p0_s1_r0.3_n4/run_22
178,block2,2,0,1,0.3,4,23,/home/fabio/Scrivania/OTel-capabilities-for-mixed-criticality-workloads/2-DoE/block2/t2_p0_s1_r0.3_n4/run_23
179,block2,2,0,1,0.3,4,24,/home/fabio/Scrivania/OTel-capabilities-for-mixed-criticality-workloads/2-DoE/block2/t2_p0_s1_r0.3_n4/run_24
180,block2,2,0,1,0.3,4,25,/home/fabio/Scrivania/OTel-capabilities-for-mixed-criticality-workloads/2-DoE/block2/t2_p0_s1_r0.3_n4/run_25
181,block2,2,0,1,0.5,4,1,/home/fabio/Scrivania/OTel-capabilities-for-mixed-criticality-workloads/2-DoE/block2/t2_p0_s1_r0.5_n4/run_01
182,block2,2,0,1,0.5,4,2,/home/fabio/Scrivania/OTel-capabilities-for-mixed-criticality-workloads/2-DoE/block2/t2_p0_s1_r0.5_n4/run_02
183,block2,2,0,1,0.5,4,3,/home/fabio/Scrivania/OTel-capabilities-for-mixed-criticality-workloads/2-DoE/block2/t2_p0_s1_r0.5_n4/run_03
184,block2,2,0,1,0.5,4,4,/home/fabio/Scrivania/OTel-capabilities-for-mixed-criticality-workloads/2-DoE/block2/t2_p0_s1_r0.5_n4/run_04
185,block2,2,0,1,0.5,4,5,/home/fabio/Scrivania/OTel-capabilities-for-mixed-criticality-workloads/2-DoE/block2/t2_p0_s1_r0.5_n4/run_05
186,block2,2,0,1,0.5,4,6,/home/fabio/Scrivania/OTel-capabilities-for-mixed-criticality-workloads/2-DoE/block2/t2_p0_s1_r0.5_n4/run_06
187,block2,2,0,1,0.5,4,7,/home/fabio/Scrivania/OTel-capabilities-for-mixed-criticality-workloads/2-DoE/block2/t2_p0_s1_r0.5_n4/run_07
188,block2,2,0,1,0.5,4,8,/home/fabio/Scrivania/OTel-capabilities-for-mixed-criticality-workloads/2-DoE/block2/t2_p0_s1_r0.5_n4/run_08
189,block2,2,0,1,0.5,4,9,/home/fabio/Scrivania/OTel-capabilities-for-mixed-criticality-workloads/2-DoE/block2/t2_p0_s1_r0.5_n4/run_09
190,block2,2,0,1,0.5,4,10,/home/fabio/Scrivania/OTel-capabilities-for-mixed-criticality-workloads/2-DoE/block2/t2_p0_s1_r0.5_n4/run_10
191,block2,2,0,1,0.5,4,11,/home/fabio/Scrivania/OTel-capabilities-for-mixed-criticality-workloads/2-DoE/block2/t2_p0_s1_r0.5_n4/run_11
192,block2,2,0,1,0.5,4,12,/home/fabio/Scrivania/OTel-capabilities-for-mixed-criticality-workloads/2-DoE/block2/t2_p0_s1_r0.5_n4/run_12
193,block2,2,0,1,0.5,4,13,/home/fabio/Scrivania/OTel-capabilities-for-mixed-criticality-workloads/2-DoE/block2/t2_p0_s1_r0.5_n4/run_13
194,block2,2,0,1,0.5,4,14,/home/fabio/Scrivania/OTel-capabilities-for-mixed-criticality-workloads/2-DoE/block2/t2_p0_s1_r0.5_n4/run_14
195,block2,2,0,1,0.5,4,15,/home/fabio/Scrivania/OTel-capabilities-for-mixed-criticality-workloads/2-DoE/block2/t2_p0_s1_r0.5_n4/run_15
196,block2,2,0,1,0.5,4,16,/home/fabio/Scrivania/OTel-capabilities-for-mixed-criticality-workloads/2-DoE/block2/t2_p0_s1_r0.5_n4/run_16
197,block2,2,0,1,0.5,4,17,/home/fabio/Scrivania/OTel-capabilities-for-mixed-criticality-workloads/2-DoE/block2/t2_p0_s1_r0.5_n4/run_17
198,block2,2,0,1,0.5,4,18,/home/fabio/Scrivania/OTel-capabilities-for-mixed-criticality-workloads/2-DoE/block2/t2_p0_s1_r0.5_n4/run_18
199,block2,2,0,1,0.5,4,19,/home/fabio/Scrivania/OTel-capabilities-for-mixed-criticality-workloads/2-DoE/block2/t2_p0_s1_r0.5_n4/run_19
200,block2,2,0,1,0.5,4,20,/home/fabio/Scrivania/OTel-capabilities-for-mixed-criticality-workloads/2-DoE/block2/t2_p0_s1_r0.5_n4/run_20
201,block2,2,0,1,0.5,4,21,/home/fabio/Scrivania/OTel-capabilities-for-mixed-criticality-workloads/2-DoE/block2/t2_p0_s1_r0.5_n4/run_21
202,block2,2,0,1,0.5,4,22,/home/fabio/Scrivania/OTel-capabilities-for-mixed-criticality-workloads/2-DoE/block2/t2_p0_s1_r0.5_n4/run_22
203,block2,2,0,1,0.5,4,23,/home/fabio/Scrivania/OTel-capabilities-for-mixed-criticality-workloads/2-DoE/block2/t2_p0_s1_r0.5_n4/run_23
204,block2,2,0,1,0.5,4,24,/home/fabio/Scrivania/OTel-capabilities-for-mixed-criticality-workloads/2-DoE/block2/t2_p0_s1_r0.5_n4/run_24
205,block2,2,0,1,0.5,4,25,/home/fabio/Scrivania/OTel-capabilities-for-mixed-criticality-workloads/2-DoE/block2/t2_p0_s1_r0.5_n4/run_25
206,block2,2,0,1,0.7,4,1,/home/fabio/Scrivania/OTel-capabilities-for-mixed-criticality-workloads/2-DoE/block2/t2_p0_s1_r0.7_n4/run_01
207,block2,2,0,1,0.7,4,2,/home/fabio/Scrivania/OTel-capabilities-for-mixed-criticality-workloads/2-DoE/block2/t2_p0_s1_r0.7_n4/run_02
208,block2,2,0,1,0.7,4,3,/home/fabio/Scrivania/OTel-capabilities-for-mixed-criticality-workloads/2-DoE/block2/t2_p0_s1_r0.7_n4/run_03
209,block2,2,0,1,0.7,4,4,/home/fabio/Scrivania/OTel-capabilities-for-mixed-criticality-workloads/2-DoE/block2/t2_p0_s1_r0.7_n4/run_04
210,block2,2,0,1,0.7,4,5,/home/fabio/Scrivania/OTel-capabilities-for-mixed-criticality-workloads/2-DoE/block2/t2_p0_s1_r0.7_n4/run_05
211,block2,2,0,1,0.7,4,6,/home/fabio/Scrivania/OTel-capabilities-for-mixed-criticality-workloads/2-DoE/block2/t2_p0_s1_r0.7_n4/run_06
212,block2,2,0,1,0.7,4,7,/home/fabio/Scrivania/OTel-capabilities-for-mixed-criticality-workloads/2-DoE/block2/t2_p0_s1_r0.7_n4/run_07
213,block2,2,0,1,0.7,4,8,/home/fabio/Scrivania/OTel-capabilities-for-mixed-criticality-workloads/2-DoE/block2/t2_p0_s1_r0.7_n4/run_08
214,block2,2,0,1,0.7,4,9,/home/fabio/Scrivania/OTel-capabilities-for-mixed-criticality-workloads/2-DoE/block2/t2_p0_s1_r0.7_n4/run_09
215,block2,2,0,1,0.7,4,10,/home/fabio/Scrivania/OTel-capabilities-for-mixed-criticality-workloads/2-DoE/block2/t2_p0_s1_r0.7_n4/run_10
216,block2,2,0,1,0.7,4,11,/home/fabio/Scrivania/OTel-capabilities-for-mixed-criticality-workloads/2-DoE/block2/t2_p0_s1_r0.7_n4/run_11
217,block2,2,0,1,0.7,4,12,/home/fabio/Scrivania/OTel-capabilities-for-mixed-criticality-workloads/2-DoE/block2/t2_p0_s1_r0.7_n4/run_12
218,block2,2,0,1,0.7,4,13,/home/fabio/Scrivania/OTel-capabilities-for-mixed-criticality-workloads/2-DoE/block2/t2_p0_s1_r0.7_n4/run_13
219,block2,2,0,1,0.7,4,14,/home/fabio/Scrivania/OTel-capabilities-for-mixed-criticality-workloads/2-DoE/block2/t2_p0_s1_r0.7_n4/run_14
220,block2,2,0,1,0.7,4,15,/home/fabio/Scrivania/OTel-capabilities-for-mixed-criticality-workloads/2-DoE/block2/t2_p0_s1_r0.7_n4/run_15
221,block2,2,0,1,0.7,4,16,/home/fabio/Scrivania/OTel-capabilities-for-mixed-criticality-workloads/2-DoE/block2/t2_p0_s1_r0.7_n4/run_16
222,block2,2,0,1,0.7,4,17,/home/fabio/Scrivania/OTel-capabilities-for-mixed-criticality-workloads/2-DoE/block2/t2_p0_s1_r0.7_n4/run_17
223,block2,2,0,1,0.7,4,18,/home/fabio/Scrivania/OTel-capabilities-for-mixed-criticality-workloads/2-DoE/block2/t2_p0_s1_r0.7_n4/run_18
224,block2,2,0,1,0.7,4,19,/home/fabio/Scrivania/OTel-capabilities-for-mixed-criticality-workloads/2-DoE/block2/t2_p0_s1_r0.7_n4/run_19
225,block2,2,0,1,0.7,4,20,/home/fabio/Scrivania/OTel-capabilities-for-mixed-criticality-workloads/2-DoE/block2/t2_p0_s1_r0.7_n4/run_20
226,block2,2,0,1,0.7,4,21,/home/fabio/Scrivania/OTel-capabilities-for-mixed-criticality-workloads/2-DoE/block2/t2_p0_s1_r0.7_n4/run_21
227,block2,2,0,1,0.7,4,22,/home/fabio/Scrivania/OTel-capabilities-for-mixed-criticality-workloads/2-DoE/block2/t2_p0_s1_r0.7_n4/run_22
228,block2,2,0,1,0.7,4,23,/home/fabio/Scrivania/OTel-capabilities-for-mixed-criticality-workloads/2-DoE/block2/t2_p0_s1_r0.7_n4/run_23
229,block2,2,0,1,0.7,4,24,/home/fabio/Scrivania/OTel-capabilities-for-mixed-criticality-workloads/2-DoE/block2/t2_p0_s1_r0.7_n4/run_24
230,block2,2,0,1,0.7,4,25,/home/fabio/Scrivania/OTel-capabilities-for-mixed-criticality-workloads/2-DoE/block2/t2_p0_s1_r0.7_n4/run_25
